DATE, OPEN, HIGH, LOW, CLOSE, VOLUME
2014-09-25,13.28,13.475,13.05,13.1,15400
2014-09-26,13.2,13.25,13.05,13.1801,13900
2014-09-29,13.11,13.25,13.07,13.18,3800
2014-09-30,13.12,13.24,12.76,12.94,11300
2014-10-01,12.76,12.921,11.61,11.78,44800
2014-10-02,11.81,11.816,11.65,11.73,14500
2014-10-03,11.8,11.8,11.48,11.642,13600
2014-10-06,11.55,11.75,11.48,11.54,8100
2014-10-07,11.5,11.64,11.5,11.53,4900
2014-10-08,11.55,11.7399,11.55,11.642,5900
2014-10-09,11.66,12.4,11.58,11.679,25800
2014-10-10,11.56,11.56,11.11,11.11,20000
2014-10-13,11.15,11.2,10.59,10.62,18300
2014-10-14,10.61,11.05,10.231,10.26,22900
2014-10-15,10.36,10.93,10.1014,10.27,37900
2014-10-16,10.4,11.37,10.4,10.63,40000
2014-10-17,10.85,11.669,10.814,11.17,17200
2014-10-20,11.1,11.37,11.1,11.33,5000
2014-10-21,11.26,11.5,10.88,11.4,17500
2014-10-22,11.52,11.84,11.2701,11.2701,21100
2014-10-23,11.46,11.57,10.988,11.08,14100
2014-10-24,11.03,11.1,10.81,11.1,9400
2014-10-27,11.11,11.55,11.09,11.29,5700
2014-10-28,11.42,11.664,11.21,11.32,15300
2014-10-29,11.31,11.31,10.8201,11.0,13800
2014-10-30,10.98,11.29,10.9001,11.24,6400
2014-10-31,11.21,11.2499,11.01,11.2499,7600
2014-11-03,11.1,11.23,10.38,10.38,21800
2014-11-04,10.55,10.75,10.5,10.53,10200
2014-11-05,11.25,11.4,10.905,11.0,74100
2014-11-06,11.0,11.2,10.564,11.15,13900
2014-11-07,11.15,11.39,10.83,10.83,24800
2014-11-10,10.8,11.55,10.56,11.3,56900
2014-11-11,11.24,11.39,10.9,11.06,17100
2014-11-12,10.8,11.88,10.8,11.53,35900
2014-11-13,11.38,11.71,11.0265,11.31,21100
2014-11-14,11.44,11.95,11.44,11.67,19800
2014-11-17,12.34,13.4,12.34,13.24,104600
2014-11-18,13.4,13.6,12.928,13.46,47500
2014-11-19,13.5,14.48,13.3801,14.38,59000
2014-11-20,14.05,14.68,13.84,14.37,42800
2014-11-21,14.57,14.85,14.33,14.6,27100
2014-11-24,14.68,14.8345,14.1101,14.69,27300
2014-11-25,14.47,14.98,14.4192,14.6,71400
2014-11-26,14.572,14.67,14.31,14.575,8600
2014-11-28,14.53,14.67,14.18,14.33,14400
2014-12-01,14.3,14.32,13.5001,13.78,33600
2014-12-02,13.81,14.35,13.48,14.1,35800
2014-12-03,14.3,14.75,14.101,14.74,39700
2014-12-04,14.62,14.87,14.11,14.19,43000
2014-12-05,14.14,14.95,14.06,14.89,36200
2014-12-08,14.89,14.89,14.2,14.43,19000
2014-12-09,14.22,14.89,14.22,14.85,20400
2014-12-10,14.73,14.98,14.44,14.44,18000
2014-12-11,14.71,14.96,14.6118,14.66,8700
2014-12-12,14.45,14.8699,14.29,14.53,13100
2014-12-15,14.52,14.985,14.52,14.71,24100
2014-12-16,14.96,15.17,14.72,14.975,50000
2014-12-17,15.02,15.1,14.61,15.1,27700
2014-12-18,15.2,15.2,14.73,15.0,26100
2014-12-19,15.07,15.18,14.86,14.86,21200
2014-12-22,15.0,15.0,14.72,14.9699,23900
2014-12-23,14.9,15.0,14.76,14.9,18500
2014-12-24,14.92,14.94,14.8,14.81,7900
2014-12-26,14.8,14.8476,14.21,14.22,12100
2014-12-29,14.2,14.95,14.05,14.94,18900
2014-12-30,14.9,14.9,14.21,14.28,9700
2014-12-31,14.31,14.5,14.23,14.39,13300
2015-01-02,14.26,14.8657,14.26,14.56,14800
2015-01-05,14.58,14.8723,14.41,14.75,13500
2015-01-06,14.58,14.92,14.58,14.92,7700
2015-01-07,14.81,15.1,14.8,15.06,53800
2015-01-08,15.05,15.3,14.9,15.2,34700
2015-01-09,15.38,17.0,15.22,16.48,70700
2015-01-12,16.48,16.48,15.24,15.36,47400
2015-01-13,15.46,15.78,14.75,14.99,20900
2015-01-14,14.8,14.98,13.67,14.0,34000
2015-01-15,13.82,13.97,13.6001,13.82,20600
2015-01-16,13.75,14.85,13.71,14.73,21500
2015-01-20,14.88,15.05,14.646,14.84,13000
2015-01-21,14.85,14.85,14.5301,14.83,3600
2015-01-22,14.74,14.74,14.03,14.41,8000
2015-01-23,14.41,14.63,14.356,14.435,3700
2015-01-26,14.37,14.42,14.05,14.181,11500
2015-01-27,14.02,14.05,13.611,13.865,20400
2015-01-28,14.04,14.39,13.85,14.37,9800
2015-01-29,14.4,14.4,13.9101,14.22,7400
2015-01-30,14.22,14.47,14.04,14.04,9400
2015-02-02,14.0,14.23,13.9,14.23,6300
2015-02-03,14.06,14.06,13.9,13.93,6100
2015-02-04,13.9,14.46,13.82,14.08,17100
2015-02-05,14.15,14.445,14.04,14.15,7600
2015-02-06,14.09,14.09,13.65,13.9,26300
2015-02-09,13.86,14.39,13.665,13.76,10100
2015-02-10,13.75,13.75,13.05,13.18,24600
2015-02-11,13.3,13.36,13.0,13.05,11300
2015-02-12,13.63,15.0099,13.6,14.94,71100
2015-02-13,14.85,14.85,14.36,14.68,13000
2015-02-17,14.81,14.9,14.49,14.88,10300
2015-02-18,14.805,14.8576,14.65,14.66,7700
2015-02-19,14.75,14.8301,14.61,14.69,8700
2015-02-20,14.68,14.68,14.53,14.53,3400
2015-02-23,14.53,14.7481,14.36,14.44,14700
2015-02-24,14.41,14.61,14.41,14.5,8400
2015-02-25,14.4201,14.4201,14.18,14.3899,5200
2015-02-26,14.35,14.47,14.26,14.41,12500
2015-02-27,14.36,14.42,14.27,14.28,8100
2015-03-02,14.31,14.87,14.31,14.8,14100
2015-03-03,14.72,14.85,14.61,14.85,9500
2015-03-04,14.85,14.87,14.75,14.8,6200
2015-03-05,14.86,14.96,14.77,14.88,44600
2015-03-06,14.88,14.88,14.59,14.61,8600
2015-03-09,14.53,14.69,14.1,14.17,12100
2015-03-10,14.01,14.26,13.584,13.92,9300
2015-03-11,13.83,13.86,13.33,13.76,37400
2015-03-12,13.5501,13.75,13.0501,13.75,16400
2015-03-13,13.72,13.8299,13.6,13.82,6000
2015-03-16,13.89,14.285,13.76,13.81,13100
2015-03-17,13.78,14.15,13.78,14.1,4700
2015-03-18,14.15,14.23,13.68,13.86,11200
2015-03-19,13.89,14.15,13.89,13.97,6200
2015-03-20,14.0716,14.29,13.9701,14.05,15300
2015-03-23,14.13,14.25,14.06,14.12,7600
2015-03-24,14.18,14.35,14.13,14.3,12400
2015-03-25,14.305,14.305,14.14,14.2399,8200
2015-03-26,14.05,14.14,13.95,13.96,5700
2015-03-27,13.871,14.04,13.871,13.91,5100
2015-03-30,13.8899,13.9,13.65,13.82,3600
2015-03-31,13.34,13.95,13.34,13.78,10200
2015-04-01,13.58,13.9499,13.5,13.62,9200
2015-04-02,13.7995,13.8499,13.36,13.47,19000
2015-04-06,13.38,13.7,13.3001,13.5,13900
2015-04-07,13.6468,13.6999,13.41,13.45,11300
2015-04-08,13.41,13.71,13.4,13.4,8900
2015-04-09,13.35,13.69,13.34,13.35,5800
2015-04-10,13.38,13.5883,13.31,13.35,6000
2015-04-13,13.52,13.6,12.5,12.7,29800
2015-04-14,12.69,12.96,12.58,12.96,29400
2015-04-15,12.95,12.95,12.36,12.57,40200
2015-04-16,12.5499,12.8373,12.0301,12.8,30400
2015-04-17,12.6,12.74,12.3501,12.74,21400
2015-04-20,12.56,12.76,12.26,12.311,19500
2015-04-21,12.27,12.47,12.13,12.19,14500
2015-04-22,12.13,12.5,12.13,12.46,9900
2015-04-23,12.29,12.49,12.13,12.33,9100
2015-04-24,12.36,12.36,12.156,12.18,10200
2015-04-27,12.3,12.34,12.12,12.12,11600
2015-04-28,12.11,12.2,12.06,12.12,7800
2015-04-29,12.09,12.258,12.0897,12.2395,13000
2015-04-30,12.24,12.36,12.17,12.25,17800
2015-05-01,12.29,12.5,12.13,12.39,11100
2015-05-04,12.32,12.6,12.32,12.59,14300
2015-05-05,12.6,12.89,12.41,12.41,9900
2015-05-06,12.41,12.84,12.41,12.57,4700
2015-05-07,12.71,12.775,12.55,12.6,15500
2015-05-08,12.66,12.66,12.31,12.37,13600
2015-05-11,12.46,12.67,12.16,12.195,18300
2015-05-12,12.17,12.4632,12.02,12.02,15600
2015-05-13,12.06,12.15,11.9,11.96,29100
2015-05-14,11.92,12.06,11.85,11.9,31400
2015-05-15,12.12,12.16,12.01,12.01,5500
2015-05-18,12.01,12.05,10.74,11.44,117700
2015-05-19,11.4999,11.5,11.06,11.06,26300
2015-05-20,11.09,11.11,10.34,10.62,54100
2015-05-21,10.5,11.324,10.33,11.15,47800
2015-05-22,11.14,11.4,11.0,11.4,16100
2015-05-26,11.22,11.37,11.08,11.12,9900
2015-05-27,11.0,11.31,10.5,10.7,35700
2015-05-28,10.55,10.79,10.43,10.7,17500
2015-05-29,10.72,10.9999,10.7,10.77,6300
2015-06-01,10.94,10.99,10.8,10.8,10300
2015-06-02,10.77,10.96,10.57,10.57,7100
2015-06-03,10.71,11.37,10.67,10.7695,10200
2015-06-04,10.95,11.06,10.7,10.75,8300
2015-06-05,10.68,11.005,10.68,10.78,6100
2015-06-08,10.82,11.1,10.766,10.86,9600
2015-06-09,10.78,10.93,10.56,10.61,19400
2015-06-10,10.76,10.9872,10.5,10.52,8200
2015-06-11,10.6184,10.83,10.52,10.67,16400
2015-06-12,10.6001,12.24,10.6001,11.7,64800
2015-06-15,11.79,12.45,11.5,12.31,24600
2015-06-16,12.39,12.39,12.0354,12.13,6800
2015-06-17,12.14,12.396,12.14,12.23,10400
2015-06-18,12.3,12.44,12.15,12.27,14200
2015-06-19,12.3401,12.54,12.25,12.33,19100
2015-06-22,12.27,12.53,12.2601,12.53,8700
2015-06-23,12.43,12.5,12.1,12.3,17400
2015-06-24,12.215,12.39,12.21,12.25,5800
2015-06-25,12.25,12.33,12.188,12.29,13200
2015-06-26,12.33,12.4,11.18,12.11,34500
2015-06-29,11.81,11.82,11.1,11.13,18100
2015-06-30,11.22,11.23,10.8,11.16,48500
2015-07-01,11.21,11.78,10.96,10.99,8400
2015-07-02,11.11,11.2,10.8001,10.82,12400
2015-07-06,10.72,10.9744,10.6,10.68,17700
2015-07-07,10.66,10.8,10.5701,10.77,23100
2015-07-08,10.72,10.72,10.0,10.38,58400
2015-07-09,10.47,10.47,9.6533,9.8,66700
2015-07-10,10.1,10.255,9.75,10.0,24300
2015-07-13,10.0,10.28,9.91,10.08,11600
2015-07-14,10.18,10.32,9.9701,10.02,11000
2015-07-15,10.2,10.66,10.0,10.62,24300
2015-07-16,10.82,11.65,10.75,11.36,74600
2015-07-17,11.1401,11.65,11.1401,11.39,17900
2015-07-20,11.45,11.49,11.05,11.06,19700
2015-07-21,10.91,11.3015,10.5601,10.88,19900
2015-07-22,10.76,10.8,10.46,10.47,9700
2015-07-23,10.4,10.69,10.4,10.54,15400
2015-07-24,10.44,10.51,10.09,10.1899,16300
2015-07-27,10.07,10.163,9.91,9.92,28200
2015-07-28,9.97,10.65,9.94,10.24,22000
2015-07-29,10.24,11.19,10.24,11.01,40100
2015-07-30,11.0,11.0,10.44,10.61,19400
2015-07-31,10.71,10.7964,10.58,10.6501,7100
2015-08-03,10.74,10.94,10.55,10.6,19000
2015-08-04,10.63,10.63,10.3901,10.53,16200
2015-08-05,10.4001,10.5,10.38,10.4,5000
2015-08-06,10.48,10.87,10.4001,10.4775,10100
2015-08-07,10.4478,10.66,10.4101,10.66,10000
2015-08-10,10.65,10.83,10.42,10.63,11400
2015-08-11,10.46,10.5799,10.45,10.51,4200
2015-08-12,10.48,10.58,10.32,10.39,18700
2015-08-13,12.6,12.854,11.44,11.83,68400
2015-08-14,12.0,12.0,11.6001,11.9,16100
2015-08-17,12.0,13.72,11.2,12.7,239300
2015-08-18,12.75,12.75,12.12,12.3,30400
2015-08-19,12.36,12.5,11.7127,12.2001,22700
2015-08-20,12.24,12.24,11.65,11.65,56700
2015-08-21,11.62,11.7999,11.31,11.37,42900
2015-08-24,10.43,11.16,10.43,11.0,32900
2015-08-25,11.15,11.15,10.57,10.57,27100
2015-08-26,10.98,11.09,10.5,10.75,22600
2015-08-27,10.93,10.93,10.55,10.77,10400
2015-08-28,10.935,11.0449,10.89,10.97,9100
2015-08-31,10.75,11.22,10.75,11.01,8800
2015-09-01,10.79,11.53,10.79,11.43,19700
2015-09-02,11.46,11.82,11.11,11.35,21200
2015-09-03,11.4145,11.59,11.41,11.45,9400
2015-09-04,11.28,11.28,11.11,11.25,11200
2015-09-08,11.36,11.767,11.18,11.49,27900
2015-09-09,11.28,11.45,11.24,11.41,5600
2015-09-10,11.48,11.8596,11.42,11.8596,20000
2015-09-11,11.68,11.99,11.6,11.9696,12200
2015-09-14,12.0,12.14,11.92,12.03,18700
2015-09-15,12.03,12.67,12.02,12.65,36000
2015-09-16,12.6,13.41,12.43,12.9399,73700
2015-09-17,12.85,12.85,12.51,12.54,9700
2015-09-18,12.47,12.48,12.1401,12.38,22100
2015-09-21,12.46,13.24,12.3,12.67,22700
2015-09-22,12.61,12.75,12.21,12.52,7500
2015-09-23,12.58,12.58,11.84,11.97,19700
2015-09-24,11.97,12.06,11.88,11.93,6200
2015-09-25,12.16,12.16,11.54,11.59,20500
2015-09-28,11.6,11.66,11.01,11.09,12000
2015-09-29,11.09,11.11,10.95,11.02,5100
2015-09-30,11.03,11.2113,10.95,11.0,16900
2015-10-01,10.95,11.14,10.95,10.95,5200
2015-10-02,10.85,11.27,10.75,10.88,20600
2015-10-05,10.9,11.15,10.59,10.75,15900
2015-10-06,10.63,10.95,10.63,10.91,11800
2015-10-07,10.82,11.13,10.7601,11.03,19200
2015-10-08,11.06,11.94,11.03,11.77,17100
2015-10-09,11.73,11.84,11.54,11.72,12000
2015-10-12,11.8,12.19,11.7001,12.09,18000
2015-10-13,12.09,12.15,12.0,12.0,2900
2015-10-14,12.0,12.19,12.0,12.15,7000
2015-10-15,12.2,12.25,12.05,12.25,7300
2015-10-16,12.24,12.445,12.12,12.43,6600
2015-10-19,12.45,12.7199,12.45,12.71,15600
2015-10-20,12.71,13.3,12.27,12.46,34300
2015-10-21,12.71,12.7393,12.3,12.36,15600
2015-10-22,12.44,12.62,12.3,12.4199,9100
2015-10-23,12.44,12.6,12.3,12.32,17900
2015-10-26,12.3,12.51,12.21,12.35,12100
2015-10-27,12.24,12.45,12.18,12.21,13900
2015-10-28,12.18,12.51,12.18,12.23,15400
2015-10-29,12.18,12.34,12.05,12.09,5300
2015-10-30,12.2,12.415,11.95,11.95,19500
2015-11-02,12.04,12.21,11.8,11.94,12600
2015-11-03,11.88,12.259,11.7,11.81,16900
2015-11-04,11.85,12.38,11.85,12.185,20500
2015-11-05,12.0992,12.3999,12.0992,12.23,10200
2015-11-06,12.19,12.47,12.1601,12.32,9600
2015-11-09,12.28,12.98,12.26,12.83,37400
2015-11-10,12.81,13.26,12.6045,13.09,28800
2015-11-11,13.13,13.22,13.0,13.18,12900
2015-11-12,13.21,13.21,12.77,12.89,25300
2015-11-13,12.76,12.9036,12.55,12.62,14400
2015-11-16,12.64,12.72,12.319,12.34,8500
2015-11-17,12.26,12.39,10.8331,11.4,60800
2015-11-18,11.44,11.57,11.26,11.33,13300
2015-11-19,11.33,11.4,11.0101,11.03,30000
2015-11-20,11.0,11.22,10.95,11.13,15300
2015-11-23,11.07,11.415,10.8,10.98,37700
2015-11-24,11.02,11.36,10.89,10.9,14500
2015-11-25,10.95,10.99,10.8,10.82,10200
2015-11-27,10.82,10.9899,10.8,10.94,5400
2015-11-30,11.0,11.77,11.0,11.5,26300
2015-12-01,11.5,11.7,11.05,11.08,14600
2015-12-02,11.17,11.22,10.98,10.99,9600
2015-12-03,10.97,11.0499,10.85,10.87,10000
2015-12-04,10.9099,10.9876,10.8,10.85,4000
2015-12-07,10.85,10.87,10.26,10.33,19400
2015-12-08,10.36,10.508,10.01,10.13,7700
2015-12-09,10.0,10.64,10.0,10.36,23400
2015-12-10,10.42,10.4501,9.85,9.97,37200
2015-12-11,9.85,10.01,9.7,9.7,14300
2015-12-14,9.99,10.0,9.753,9.91,12400
2015-12-15,9.95,10.46,9.95,10.24,19300
2015-12-16,10.5,10.5,10.234,10.4,17300
2015-12-17,10.3,10.43,9.99,10.3,22900
2015-12-18,10.0301,10.37,10.0301,10.19,6300
2015-12-21,10.2,10.35,10.08,10.08,8600
2015-12-22,10.15,10.17,10.09,10.1,4600
2015-12-23,10.19,10.4097,10.02,10.3,29000
2015-12-24,10.45,10.45,10.26,10.43,3300
2015-12-28,10.27,10.46,10.08,10.11,11400
2015-12-29,10.13,10.47,10.0694,10.37,15000
2015-12-30,10.43,10.43,9.96,9.965,17900
2015-12-31,9.95,10.2581,9.95,10.08,11700
2016-01-04,9.95,9.99,9.92,9.95,8100
2016-01-05,10.0,10.0,9.71,9.82,4800
2016-01-06,9.83,9.9,9.61,9.85,24200
2016-01-07,9.83,9.83,9.4,9.52,24400
2016-01-08,9.5,9.84,9.5,9.84,30600
2016-01-11,9.71,9.71,9.201,9.37,17100
2016-01-12,9.5,9.7399,9.5,9.66,3300
2016-01-13,9.57,9.6,8.8,8.8,38700
2016-01-14,8.81,9.06,8.455,8.86,13600
2016-01-15,8.59,8.59,7.8,8.17,35400
2016-01-19,8.18,8.222,8.0001,8.06,5400
2016-01-20,7.85,7.95,7.15,7.785,43200
2016-01-21,7.89,8.09,7.82,7.96,6400
2016-01-22,7.97,8.1599,7.795,8.0,9200
2016-01-25,7.97,8.47,7.91,8.4,16600
2016-01-26,8.48,8.76,8.421,8.76,5200
2016-01-27,8.76,8.96,8.3,8.76,7700
2016-01-28,8.79,9.0,8.3,8.31,7000
2016-01-29,8.29,8.75,8.29,8.57,7900
2016-02-01,8.41,8.85,8.35,8.65,12300
2016-02-02,8.61,8.88,8.5854,8.74,3500
2016-02-03,8.74,9.1199,8.74,8.85,10000
2016-02-04,8.79,9.25,8.79,8.93,20500
2016-02-05,9.02,9.1,8.88,9.1,8600
2016-02-08,8.83,9.005,8.25,8.25,10400
2016-02-09,8.15,8.25,7.9,7.95,15200
2016-02-10,8.0,8.27,7.98,8.06,9100
2016-02-11,8.01,8.13,7.87,8.03,12800
2016-02-12,8.23,8.23,7.92,8.1,4000
2016-02-16,8.2,8.28,7.92,8.28,4500
2016-02-17,8.4,8.4393,8.01,8.3,19100
2016-02-18,8.31,8.31,8.01,8.01,8800
2016-02-19,8.05,8.0991,8.0,8.0,3500
2016-02-22,8.2362,8.2362,7.92,8.21,8900
2016-02-23,8.24,8.24,7.81,7.99,10900
2016-02-24,8.0243,8.11,7.92,7.92,4400
2016-02-25,8.0515,8.21,8.0515,8.1388,2200
2016-02-26,8.29,8.31,8.165,8.31,4200
2016-02-29,8.33,8.7299,8.33,8.39,9700
2016-03-01,8.54,8.7299,8.23,8.5,8700
2016-03-02,8.55,8.73,8.305,8.64,7600
2016-03-03,8.7,8.7,8.36,8.36,6500
2016-03-04,8.53,8.53,8.01,8.26,23400
2016-03-07,8.26,8.69,8.26,8.52,6400
2016-03-08,8.55,8.69,8.4509,8.64,3200
2016-03-09,8.7,8.855,8.601,8.855,4700
2016-03-10,8.8,9.09,8.57,9.0,9400
2016-03-11,9.1,9.1,8.8812,8.9,8500
2016-03-14,8.81,9.05,8.81,8.88,5200
2016-03-15,8.77,9.23,8.6501,8.88,10700
2016-03-16,8.64,8.75,8.5,8.57,3300
2016-03-17,9.11,9.11,8.51,8.67,8800
2016-03-18,8.6483,8.72,8.6039,8.6039,1200
2016-03-21,8.51,8.8517,8.51,8.8,2400
2016-03-22,8.82,8.82,8.5201,8.72,8000
2016-03-23,8.65,8.65,8.3,8.39,7400
2016-03-24,8.28,8.28,8.05,8.0999,5200
2016-03-28,8.22,8.5,8.08,8.11,50800
2016-03-29,8.25,8.68,8.25,8.46,12900
2016-03-30,8.5,8.95,8.5,8.95,30300
2016-03-31,8.5,8.6,8.31,8.41,29600
2016-04-01,8.3,8.83,8.3,8.74,7500
2016-04-04,8.58,8.81,8.5,8.52,9400
2016-04-05,8.52,8.6787,8.3,8.3,20200
2016-04-06,8.29,8.545,8.26,8.44,17100
2016-04-07,8.46,8.65,8.1301,8.5899,6600
2016-04-08,8.4999,8.62,8.3183,8.4621,13300
2016-04-11,8.54,8.54,8.28,8.37,10300
2016-04-12,8.31,8.4999,8.27,8.46,10300
2016-04-13,8.5,8.5,8.36,8.5,6500
2016-04-14,8.39,8.49,8.374,8.38,5100
2016-04-15,8.37,8.46,8.0,8.0,20800
2016-04-18,8.01,8.34,7.99,8.01,9600
2016-04-19,8.0,8.37,7.97,8.05,9400
2016-04-20,8.07,8.07,7.5001,7.8,37900
2016-04-21,7.95,7.95,7.6028,7.68,18700
2016-04-22,7.74,7.805,6.631,7.43,36700
2016-04-25,7.49,7.53,7.41,7.48,18600
2016-04-26,7.6,7.83,7.6,7.8275,22700
2016-04-27,7.85,7.95,7.81,7.82,5600
2016-04-28,7.85,7.95,7.79,7.87,19600
2016-04-29,7.8101,7.86,7.4387,7.665,10300
2016-05-02,7.69,7.81,7.515,7.64,8500
2016-05-03,7.66,7.82,7.3401,7.74,19500
2016-05-04,7.72,7.77,7.3,7.46,20800
2016-05-05,7.44,7.5,7.25,7.2885,23100
2016-05-06,7.27,7.39,6.475,6.87,27200
2016-05-09,6.83,6.8886,6.25,6.27,66100
2016-05-10,6.38,7.59,6.38,7.59,44400
2016-05-11,7.57,7.57,6.95,7.22,13000
2016-05-12,7.18,7.43,7.18,7.38,5700
2016-05-13,7.28,7.28,6.73,7.08,6100
2016-05-16,7.16,7.3306,6.8,7.17,18500
2016-05-17,6.85,7.12,6.52,6.65,67300
2016-05-18,6.7,7.4957,6.7,7.24,29800
2016-05-19,7.195,7.25,6.8801,7.23,7200
2016-05-20,7.25,7.7399,7.15,7.36,24700
2016-05-23,7.38,7.5362,7.24,7.24,13000
2016-05-24,7.23,7.6,6.9001,7.03,21100
2016-05-25,7.0299,7.19,6.9866,7.02,22500
2016-05-26,7.04,7.065,6.9579,7.0299,5100
2016-05-27,6.95,7.13,6.95,7.11,3400
2016-05-31,7.1,7.15,7.015,7.04,8000
2016-06-01,6.95,7.14,6.93,7.14,1900
2016-06-02,7.05,7.05,6.98,7.04,6900
2016-06-03,7.08,7.27,7.025,7.03,17100
2016-06-06,7.21,7.48,7.11,7.37,15200
2016-06-07,7.37,7.61,7.24,7.38,12100
2016-06-08,7.32,7.68,7.05,7.07,28600
2016-06-09,7.2,7.25,7.12,7.18,11800
2016-06-10,7.18,7.18,7.18,7.18,100
2016-06-13,7.12,7.12,6.9401,6.9842,20600
2016-06-14,6.92,7.11,6.91,6.97,3900
2016-06-15,6.99,7.13,6.95,7.13,10700
2016-06-16,6.94,7.05,6.93,7.05,3500
2016-06-17,6.98,7.04,6.9,6.95,18700
2016-06-20,7.08,7.13,6.9,7.04,3000
2016-06-21,7.1,7.11,6.85,6.905,4400
2016-06-22,6.9248,7.0,6.85,6.91,24100
2016-06-23,8.65,8.7,7.8901,8.23,240900
2016-06-24,8.0,8.2499,7.95,8.11,52600
2016-06-27,8.02,8.105,7.95,8.04,10200
2016-06-28,8.1,8.4,8.1,8.155,14700
2016-06-29,8.2899,8.2899,8.17,8.24,12800
2016-06-30,8.2,8.76,8.2,8.58,34100
2016-07-01,8.43,8.5424,8.43,8.5,7200
2016-07-05,8.5438,8.8,8.51,8.7716,16700
2016-07-06,8.69,8.851,8.61,8.78,26800
2016-07-07,8.73,8.88,8.6,8.79,10900
2016-07-08,8.67,8.779,8.635,8.65,4600
2016-07-11,8.7,8.76,8.4,8.52,21800
2016-07-12,8.52,8.66,8.42,8.5,12500
2016-07-13,8.5,8.5591,8.345,8.3945,12400
2016-07-14,8.42,8.4999,8.39,8.42,6700
2016-07-15,8.4,8.594,8.4,8.57,17200
2016-07-18,8.56,8.73,8.56,8.73,12300
2016-07-19,8.651,8.792,8.651,8.79,6000
2016-07-20,8.66,8.7671,8.66,8.6928,11200
2016-07-21,8.64,8.868,8.64,8.68,13700
2016-07-22,8.72,8.8299,8.71,8.8299,6800
2016-07-25,8.87,9.1,8.7801,9.06,25700
2016-07-26,8.9776,9.39,8.9776,9.27,16400
2016-07-27,9.38,9.4157,9.245,9.27,15000
2016-07-28,9.091,9.21,9.091,9.1599,8400
2016-07-29,9.15,9.28,9.1001,9.1802,6600
2016-08-01,9.15,9.28,9.09,9.18,3400
2016-08-02,9.15,9.15,8.71,8.9,25500
2016-08-03,8.885,8.885,8.46,8.6,16400
2016-08-04,8.585,8.585,8.39,8.46,10500
2016-08-05,8.4008,8.5,8.25,8.495,13300
2016-08-08,8.41,8.49,8.255,8.4,8700
2016-08-09,8.45,9.06,8.437,8.95,22100
2016-08-10,8.71,9.05,8.71,8.91,17200
2016-08-11,8.94,9.06,8.8001,9.06,13300
2016-08-12,8.71,8.9074,8.2001,8.64,29400
2016-08-15,8.65,8.95,8.511,8.61,30000
2016-08-16,8.77,8.775,8.23,8.33,24600
2016-08-17,8.35,8.46,8.276,8.36,6600
2016-08-18,8.48,8.6999,8.38,8.54,14300
2016-08-19,8.61,8.6199,8.49,8.53,6200
2016-08-22,8.5,8.78,8.46,8.705,43100
2016-08-23,8.78,9.04,8.71,8.79,37100
2016-08-24,8.71,8.9487,8.54,8.8399,6900
2016-08-25,8.86,8.91,8.82,8.82,4800
2016-08-26,8.83,8.94,8.78,8.78,7100
2016-08-29,8.78,8.78,8.45,8.5,30300
2016-08-30,8.49,8.6302,8.49,8.5,5200
2016-08-31,8.56,8.74,8.49,8.72,10000
2016-09-01,8.75,8.75,8.5163,8.5163,3400
2016-09-02,8.5,8.5801,8.5,8.5801,1300
2016-09-06,8.54,8.7,8.54,8.66,7700
2016-09-07,8.7,8.8815,8.55,8.55,5400
2016-09-08,8.64,8.8,8.49,8.71,18800
2016-09-09,8.62,8.9899,8.6,8.6,19500
2016-09-12,8.58,8.7799,8.58,8.65,11000
2016-09-13,8.67,8.78,8.201,8.38,57300
2016-09-14,8.4647,8.49,8.4647,8.48,2400
2016-09-15,8.46,8.64,8.28,8.48,33500
2016-09-16,8.5,8.6899,8.34,8.48,16000
2016-09-19,8.37,8.64,8.31,8.34,6800
2016-09-20,8.482,8.482,8.39,8.47,3100
2016-09-21,8.44,8.55,8.2838,8.54,31700
2016-09-22,8.55,8.63,8.5,8.52,14700
2016-09-23,8.5,8.5,8.39,8.39,1800
2016-09-26,8.43,8.49,8.33,8.35,5400
2016-09-27,8.3733,8.49,8.23,8.33,14300
2016-09-28,8.29,8.76,8.2,8.66,34500
2016-09-29,8.604,9.09,8.39,8.43,73600
2016-09-30,8.4,8.47,8.32,8.3601,13200
2016-10-03,8.43,8.71,8.21,8.6,56200
2016-10-04,8.56,8.96,8.55,8.78,33000
2016-10-05,8.76,9.25,8.67,8.67,127400
2016-10-06,8.65,8.97,8.65,8.77,6300
2016-10-07,8.81,8.99,8.58,8.83,7200
2016-10-10,8.88,8.8979,8.71,8.71,5500
2016-10-11,8.86,8.89,8.75,8.81,1700
2016-10-12,8.85,9.01,8.6,8.64,5000
2016-10-13,8.51,8.86,8.42,8.67,10300
2016-10-14,8.76,8.8,8.6,8.6,6300
2016-10-17,8.52,8.61,8.33,8.33,8100
2016-10-18,8.42,8.65,8.21,8.545,59300
2016-10-19,8.62,8.82,8.62,8.8,15200
2016-10-20,8.83,9.05,8.75,8.83,139000
2016-10-21,8.61,8.95,8.61,8.7,142100
2016-10-24,8.67,8.82,8.42,8.43,2900
2016-10-25,8.585,8.66,8.3,8.38,6100
2016-10-26,8.29,8.55,8.29,8.33,17900
2016-10-27,8.271,8.291,7.92,8.08,64700
2016-10-28,8.02,8.48,8.02,8.435,37800
2016-10-31,8.43,8.78,7.99,8.24,150200
2016-11-01,8.21,8.21,7.89,8.1,26900
2016-11-02,8.0,8.01,7.7999,7.8,7300
2016-11-03,7.86,8.01,7.43,7.81,129300
2016-11-04,8.04,8.23,7.8873,8.19,8000
2016-11-07,8.19,8.71,7.98,8.39,113800
2016-11-08,8.39,8.55,7.93,8.0,139800
2016-11-09,7.99,8.09,7.88,8.0,34000
2016-11-10,7.96,7.96,7.7,7.84,57100
2016-11-11,7.78,8.03,7.43,7.93,68500
2016-11-14,7.9,8.09,7.823,8.07,20300
2016-11-15,8.25,8.25,7.75,8.01,11100
2016-11-16,8.0,8.0,7.71,7.81,22700
2016-11-17,7.91,8.1254,7.7788,8.04,5800
2016-11-18,7.89,8.24,7.89,8.11,5900
2016-11-21,8.07,8.07,7.63,7.86,65200
2016-11-22,7.83,7.95,7.7,7.77,19600
2016-11-23,7.78,7.85,7.5886,7.84,24000
2016-11-25,7.77,7.98,7.7201,7.82,25800
2016-11-28,7.8,7.83,7.7,7.73,37000
2016-11-29,7.71,7.84,7.7,7.77,10000
2016-11-30,7.72,7.83,7.71,7.75,45300
2016-12-01,7.79,7.81,7.7,7.74,16200
2016-12-02,7.8,7.8283,7.7,7.7,23000
2016-12-05,7.7,7.8184,7.7,7.75,51000
2016-12-06,7.71,7.7399,7.7,7.7,30300
2016-12-07,7.7,8.1,7.7,7.97,12900
2016-12-08,7.9817,8.189,7.91,8.03,19100
2016-12-09,7.982,8.11,7.8325,8.1,12000
2016-12-12,7.99,8.8,7.99,8.68,38900
2016-12-13,8.7,8.8,8.56,8.65,26200
2016-12-14,8.6273,8.6273,8.2978,8.5,17900
2016-12-15,8.38,8.56,8.25,8.4,13800
2016-12-16,8.33,8.4255,8.33,8.34,5300
2016-12-19,8.3815,8.3815,8.026,8.1,17800
2016-12-20,8.02,8.482,8.02,8.23,7500
2016-12-21,8.21,8.2107,8.011,8.05,10600
2016-12-22,8.051,8.2388,7.72,7.73,29500
2016-12-23,7.87,7.99,7.75,7.99,18700
2016-12-27,7.992,8.44,7.98,8.26,12000
2016-12-28,8.2224,8.43,8.2,8.31,26400
2016-12-29,8.2825,8.42,8.2825,8.3661,11200
2016-12-30,8.38,8.68,8.3,8.68,58400
2017-01-03,8.68,8.74,8.27,8.55,9300
2017-01-04,8.61,8.889,8.61,8.82,17200
2017-01-05,8.96,8.9999,8.9,8.96,11700
2017-01-06,8.9733,8.9899,8.9,8.94,17100
2017-01-09,8.84,8.92,8.82,8.85,5200
2017-01-10,8.9053,9.3,8.9053,9.19,30300
2017-01-11,9.0712,9.49,9.0,9.4,28900
2017-01-12,9.44,9.75,9.4001,9.71,26600
2017-01-13,9.7,9.7134,9.6294,9.7,22400
2017-01-17,9.65,10.066,9.49,9.9792,26500
2017-01-18,9.93,10.0,9.79,9.8,12000
2017-01-19,9.78,10.0,9.78,9.97,7000
2017-01-20,9.97,10.14,9.9696,10.05,4900
2017-01-23,10.04,10.15,9.885,9.9,13400
2017-01-24,10.0315,10.14,9.9588,10.05,5500
2017-01-25,10.0764,10.0764,9.8008,9.95,10900
2017-01-26,9.9,9.9,9.77,9.81,8200
2017-01-27,10.0376,10.0376,9.8,9.87,5900
2017-01-30,9.88,10.0,9.75,10.0,7300
2017-01-31,9.75,10.15,9.75,10.15,27100
2017-02-01,10.15,10.4686,10.0,10.27,19000
2017-02-02,10.34,10.8599,10.19,10.56,23400
2017-02-03,10.9399,10.9399,10.4909,10.5,9000
2017-02-06,10.752,10.79,10.27,10.3,9600
2017-02-07,10.28,10.29,9.8,9.872,20000
2017-02-08,9.76,10.8699,9.5001,9.82,21800
2017-02-09,9.83,10.643,9.83,10.19,5700
2017-02-10,9.88,10.1237,9.79,9.8601,5500
2017-02-13,10.0032,10.339,9.9,9.96,6300
2017-02-14,10.0914,10.28,10.0024,10.23,7400
2017-02-15,10.09,10.24,10.0211,10.21,8400
2017-02-16,10.344,10.344,9.98,9.98,7700
2017-02-17,10.03,10.1153,9.86,9.86,5100
2017-02-21,9.96,10.62,9.926,10.0492,8500
2017-02-22,9.93,10.1375,9.88,9.9,8000
2017-02-23,9.98,10.1491,9.9,9.9,1100
2017-02-24,10.1093,10.14,9.9,10.0107,3200
2017-02-27,9.93,10.14,9.8419,9.88,4700
2017-02-28,9.89,9.89,9.8,9.84,4900
2017-03-01,9.8,10.02,9.75,10.0,50100
2017-03-02,9.9976,10.154,9.9,10.05,18000
2017-03-03,9.97,10.17,9.92,10.0,6900
2017-03-06,10.2,10.4999,9.88,9.88,44600
2017-03-07,9.9398,10.2138,9.9063,10.11,23800
2017-03-08,10.19,10.3819,10.18,10.36,10300
2017-03-09,10.42,10.7093,10.3,10.33,51100
2017-03-10,10.29,10.5,10.2,10.4,10500
2017-03-13,10.35,10.35,10.25,10.32,8400
2017-03-14,10.2425,10.3419,10.15,10.16,8600
2017-03-15,10.4534,10.4534,10.1507,10.18,10800
2017-03-16,10.23,10.8799,10.1923,10.58,45100
2017-03-17,10.6727,10.79,10.6637,10.68,7000
2017-03-20,10.68,10.68,10.2313,10.67,14800
2017-03-21,10.58,10.66,10.2,10.2,12300
2017-03-22,10.2,10.27,10.15,10.1713,33700
2017-03-23,10.15,10.2,9.4201,10.03,28000
2017-03-24,9.83,10.04,9.83,9.98,22100
2017-03-27,10.0,10.1,9.8,9.8462,11300
2017-03-28,9.9143,9.9705,9.84,9.84,10400
2017-03-29,10.0373,10.0799,9.91,10.01,6600
2017-03-30,10.064,10.8829,10.02,10.752,43600
2017-03-31,10.02,10.5686,9.7,10.38,69900
2017-04-03,10.4,10.4,10.1405,10.27,13400
2017-04-04,10.27,10.369,10.13,10.13,4600
2017-04-05,10.3556,10.38,10.12,10.12,10500
2017-04-06,10.17,10.37,9.8844,10.23,19300
2017-04-07,10.14,10.36,10.14,10.2994,5000
2017-04-10,10.4,10.4,10.2417,10.4,8500
2017-04-11,10.1362,10.74,10.1362,10.61,29200
2017-04-12,10.605,10.605,10.41,10.47,6000
2017-04-13,10.04,10.4999,10.04,10.49,3800
2017-04-17,10.35,10.4059,10.35,10.35,1900
2017-04-18,10.4,10.4187,10.32,10.32,3200
2017-04-19,10.3,10.4735,10.3,10.38,7000
2017-04-20,10.4356,10.6832,10.3787,10.67,3900
2017-04-21,10.6168,10.66,10.43,10.57,16600
2017-04-24,10.59,10.8289,10.59,10.6728,7000
2017-04-25,10.6956,10.83,10.6,10.79,5900
2017-04-26,10.79,10.83,10.711,10.77,9600
2017-04-27,10.7,10.84,10.7,10.7401,3900
2017-04-28,10.5959,10.84,10.5959,10.7,6500
2017-05-01,10.74,10.84,10.74,10.76,3600
2017-05-02,10.7869,10.8499,10.7401,10.8399,3000
2017-05-03,10.84,10.85,10.5701,10.7,14000
2017-05-04,10.74,10.8331,10.55,10.701,2200
2017-05-05,10.61,10.7,10.35,10.47,23300
2017-05-08,10.52,10.73,10.07,10.14,23400
2017-05-09,10.11,10.439,10.09,10.09,8300
2017-05-10,10.13,10.28,10.1,10.14,7000
2017-05-11,10.06,10.8,10.06,10.71,45600
2017-05-12,10.7,10.7,10.4306,10.6,11500
2017-05-15,10.85,10.85,10.51,10.59,7956
2017-05-16,11.05,12.1979,10.9,11.87,148983
2017-05-17,11.91,12.5,11.54,11.87,85504
2017-05-18,11.9616,12.21,11.96,12.04,28551
2017-05-19,12.19,12.25,12.02,12.16,16704
2017-05-22,12.25,12.6772,11.89,11.99,72266
2017-05-23,11.9,11.9,11.541,11.72,14215
2017-05-24,11.6,11.96,11.53,11.91,15185
2017-05-25,12.17,12.17,11.95,12.0,4587
2017-05-26,12.09,12.09,11.79,11.889,6050
2017-05-30,11.8,12.399,11.8,11.9,38154
2017-05-31,11.9253,11.9253,11.54,11.79,19033
2017-06-01,11.68,11.74,11.51,11.51,4868
2017-06-02,11.62,11.99,11.54,11.98,23214
2017-06-05,12.0,12.1077,11.71,12.0,6396
2017-06-06,11.6692,11.85,11.6627,11.801,3342
2017-06-07,11.6886,11.88,11.6886,11.75,2287
2017-06-08,11.83,11.83,11.68,11.69,10952
2017-06-09,11.67,12.39,11.64,11.64,41750
2017-06-12,11.71,12.0573,11.65,11.93,10715
2017-06-13,11.85,12.0198,11.611,11.74,6195
2017-06-14,11.838,11.838,11.611,11.63,2820
2017-06-15,11.6401,11.98,11.6401,11.7294,4499
2017-06-16,11.74,11.74,11.25,11.3,18765
2017-06-19,11.4,11.6095,10.51,10.71,27809
2017-06-20,10.95,11.07,10.78,10.9,10158
2017-06-21,10.79,11.01,10.53,10.67,14943
2017-06-22,10.58,11.0634,10.58,10.75,22954
2017-06-23,10.57,10.743,10.56,10.56,9297
2017-06-26,10.56,10.76,10.5,10.67,7961
2017-06-27,10.7601,10.95,10.59,10.92,18208
2017-06-28,10.94,10.99,10.67,10.77,11726
2017-06-29,10.8,11.0,10.64,11.0,8532
2017-06-30,10.8955,11.09,10.8955,11.07,6051
2017-07-03,11.0,11.5,10.96,10.96,9899
2017-07-05,10.95,11.48,10.95,11.11,10886
2017-07-06,11.436,11.5262,11.0,11.0,14242
2017-07-07,11.11,11.11,11.0117,11.0499,921
2017-07-10,11.01,11.12,11.01,11.08,4610
2017-07-11,11.15,11.9,11.15,11.75,31371
2017-07-12,11.49,11.86,11.48,11.8,4078
2017-07-13,11.89,11.89,11.56,11.5876,6762
2017-07-14,11.82,11.88,11.65,11.87,1235
2017-07-17,11.77,11.78,11.65,11.65,4785
2017-07-18,11.7299,11.87,11.65,11.81,6301
2017-07-19,11.73,11.8799,11.6894,11.7,4920
2017-07-20,11.72,11.78,11.311,11.5899,5077
2017-07-21,11.6551,11.66,11.55,11.66,1240
2017-07-24,11.6485,11.75,11.5,11.6,6277
2017-07-25,11.75,11.75,11.46,11.46,5345
2017-07-26,11.44,11.48,11.44,11.46,1916
2017-07-27,11.35,11.52,11.34,11.39,14580
2017-07-28,11.356,11.356,11.201,11.26,3067
2017-07-31,11.33,11.39,11.18,11.31,3370
2017-08-01,11.2,11.31,11.18,11.18,1326
2017-08-02,11.2,11.32,11.18,11.21,2334
2017-08-03,11.14,11.17,10.66,10.66,10016
2017-08-04,10.66,11.3215,10.36,10.51,7187
2017-08-07,10.53,10.53,10.3201,10.37,4799
2017-08-08,10.2673,10.7836,10.2673,10.7836,2561
2017-08-09,10.74,10.74,10.28,10.28,2193
2017-08-10,10.3,10.496,9.8,10.0,11169
2017-08-11,10.2501,10.8399,10.13,10.68,24193
2017-08-14,10.8,11.4,10.69,11.0,18149
2017-08-15,11.2,11.87,10.75,10.8,43508
2017-08-16,10.99,11.3626,10.79,11.01,39519
2017-08-17,10.98,11.0,10.9,11.0,18854
2017-08-18,10.91,11.12,10.91,11.11,8322
2017-08-21,10.56,11.11,10.56,11.05,4429
2017-08-22,11.01,11.02,10.9,10.99,9806
2017-08-23,11.01,11.01,10.96,10.98,11662
2017-08-24,11.0,11.12,11.0,11.07,7362
2017-08-25,11.15,11.18,11.03,11.1,14245
2017-08-28,11.13,11.3,11.0,11.16,15906
2017-08-29,10.98,11.65,10.98,11.22,26033
2017-08-30,11.18,11.3,11.15,11.16,11501
2017-08-31,11.18,11.5,11.0,11.0,11172
2017-09-01,11.19,11.255,11.15,11.17,5800
2017-09-05,11.17,11.3,11.06,11.26,16311
2017-09-06,11.43,11.46,11.08,11.24,16233
2017-09-07,11.03,11.65,11.03,11.27,7863
2017-09-08,11.27,11.27,11.02,11.2,6575
2017-09-11,11.36,11.5,11.13,11.32,7566
2017-09-12,11.24,11.34,11.1,11.11,7879
2017-09-13,11.09,11.43,11.08,11.1,8245
2017-09-14,11.0,11.36,11.0,11.36,6669
2017-09-15,11.13,11.36,11.03,11.15,5850
2017-09-18,11.19,11.19,10.91,11.05,9647
2017-09-19,11.05,11.2,10.94,11.17,5429
2017-09-20,11.08,11.27,11.04,11.06,3910
2017-09-21,11.11,11.18,10.85,11.18,1276
2017-09-22,11.19,11.19,10.96,11.19,5080
2017-09-25,11.05,11.17,10.9,10.96,7421
2017-09-26,11.03,11.11,10.93,11.05,6041
2017-09-27,11.09,11.18,11.04,11.07,5742
2017-09-28,10.93,11.17,10.91,11.03,8863
2017-09-29,10.96,11.08,10.96,11.0,2787
2017-10-02,10.92,11.1,10.92,11.05,12843
2017-10-03,11.07,11.2,10.8,11.01,33177
2017-10-04,11.05,11.06,10.25,11.04,17471
2017-10-05,11.09,11.12,10.98,11.05,22101
2017-10-06,11.05,11.09,10.96,11.08,5428
2017-10-09,11.12,11.14,10.98,11.12,34607
2017-10-10,11.07,11.45,11.07,11.33,33962
2017-10-11,11.37,11.89,11.3,11.8,36847
2017-10-12,11.8,11.92,11.58,11.62,13732
2017-10-13,11.55,11.68,11.05,11.41,7717
2017-10-16,11.34,11.71,11.07,11.71,3939
2017-10-17,11.75,11.75,11.33,11.44,7708
2017-10-18,11.36,11.42,11.05,11.35,6907
2017-10-19,11.35,11.35,11.17,11.26,5822
2017-10-20,11.37,11.42,11.15,11.42,2104
2017-10-23,11.42,11.59,11.15,11.23,2908
2017-10-24,11.35,11.36,11.06,11.06,6122
2017-10-25,11.1,11.36,11.08,11.08,6650
2017-10-26,11.07,11.1,10.26,10.8,24042
2017-10-27,10.68,11.1,10.16,10.71,7016
2017-10-30,10.79,11.07,10.79,11.07,3881
2017-10-31,11.08,11.99,11.08,11.61,29527
2017-11-01,11.63,11.63,11.25,11.25,8802
2017-11-02,11.26,11.44,11.26,11.41,10674
2017-11-03,11.44,11.45,11.35,11.42,12697
2017-11-06,11.5,11.8,11.48,11.54,16559
2017-11-07,11.57,11.87,11.55,11.65,9109
2017-11-08,11.65,11.94,11.54,11.7,13872
2017-11-09,11.62,11.74,11.45,11.67,4622
2017-11-10,11.79,11.8,11.48,11.72,12945
2017-11-13,11.52,11.76,11.34,11.34,4455
2017-11-14,11.35,11.8,11.35,11.79,11425
2017-11-15,11.8,11.97,11.33,11.6,61217
2017-11-16,11.85,11.85,11.67,11.67,10614
2017-11-17,12.0,12.45,11.67,12.19,62433
2017-11-20,12.06,12.16,11.83,11.85,26438
2017-11-21,11.88,12.25,11.88,12.0,17945
2017-11-22,12.25,12.9,12.1,12.59,70341
2017-11-24,12.6,13.5,12.6,13.0,22091
2017-11-27,13.01,13.01,12.85,12.8886,19223
2017-11-28,12.81,12.95,12.6,12.86,12956
2017-11-29,12.81,12.8983,12.26,12.68,32544
2017-11-30,12.61,12.6199,12.35,12.55,18219
2017-12-01,12.51,12.51,11.53,11.93,45487
2017-12-04,12.7,12.7,11.69,11.69,20628
2017-12-05,11.63,11.63,11.2651,11.42,9324
2017-12-06,11.29,11.5346,11.29,11.44,13607
2017-12-07,11.44,11.44,11.1,11.23,14895
2017-12-08,11.18,11.34,11.0,11.16,21476
2017-12-11,11.13,11.47,11.11,11.37,16820
2017-12-12,11.3006,11.3006,11.1366,11.16,4926
2017-12-13,11.16,11.34,11.1001,11.14,24136
2017-12-14,11.2,11.3351,11.2,11.26,8831
2017-12-15,11.26,11.284,11.14,11.14,10807
2017-12-18,11.1,11.5172,11.1,11.25,23329
2017-12-19,11.32,11.3399,11.11,11.2,16063
2017-12-20,11.1748,11.35,11.1748,11.33,14735
2017-12-21,11.25,11.35,11.1733,11.31,24338
2017-12-22,11.34,11.4,11.28,11.34,9074
2017-12-26,11.26,11.35,11.05,11.1,23213
2017-12-27,11.02,11.1418,11.011,11.06,25632
2017-12-28,11.02,11.55,11.02,11.37,27514
2017-12-29,11.35,11.6384,11.293,11.62,18812
2018-01-02,11.7,11.9678,11.34,11.34,20733
2018-01-03,11.3753,11.76,11.3,11.3575,32179
2018-01-04,11.36,11.4999,11.16,11.394,13279
2018-01-05,11.39,11.74,11.25,11.52,30425
2018-01-08,11.44,11.6,11.11,11.53,90615
2018-01-09,11.58,11.68,11.0658,11.2,74345
2018-01-10,11.25,11.27,10.7701,10.95,30078
2018-01-11,10.92,11.58,10.92,10.94,48025
2018-01-12,10.9,11.1493,10.8,11.02,24459
2018-01-16,11.16,11.4263,11.0,11.2,9168
2018-01-17,11.3,11.3455,11.1,11.18,9521
2018-01-18,11.2,11.2099,10.99,11.02,4741
2018-01-19,11.02,11.0448,10.77,11.0448,10387
2018-01-22,10.98,11.104,10.75,10.75,11398
2018-01-23,10.75,10.99,10.601,10.66,23374
2018-01-24,10.62,10.87,10.62,10.66,16064
2018-01-25,10.65,10.7043,10.401,10.49,29574
2018-01-26,10.5,10.5719,10.3981,10.5,26754
2018-01-29,10.46,10.58,10.4101,10.49,21849
2018-01-30,10.5,10.5,9.9,10.025,14602
2018-01-31,9.96,10.341,9.9,10.12,23004
2018-02-01,10.18,10.2019,10.01,10.08,3572
2018-02-02,9.97,9.9751,9.261,9.89,35209
2018-02-05,9.74,9.8027,9.4,9.4,42403
2018-02-06,9.26,9.75,9.0,9.28,9881
2018-02-07,9.39,9.8392,9.38,9.5999,19361
2018-02-08,9.5701,9.5701,9.1867,9.5,11781
2018-02-09,9.45,9.61,9.001,9.1,24536
2018-02-12,9.1,9.7,9.0729,9.22,14414
2018-02-13,9.49,9.5055,9.36,9.36,2455
2018-02-14,9.2911,9.659,9.29,9.5,11652
2018-02-15,9.45,9.45,9.3,9.43,7223
2018-02-16,9.4099,9.6856,9.31,9.37,9512
2018-02-20,9.38,9.38,9.03,9.23,10322
2018-02-21,9.21,9.31,9.09,9.09,14298
2018-02-22,9.17,9.17,9.0,9.01,7292
2018-02-23,9.08,9.2,8.97,9.05,6102
2018-02-26,9.13,9.13,8.982,9.0,14529
2018-02-27,9.01,9.1,8.7501,8.8,12561
2018-02-28,8.93,8.93,8.77,8.899,3429
2018-03-01,8.83,8.989,8.76,8.76,6455
2018-03-02,8.79,9.1,8.79,9.1,8170
2018-03-05,9.1,9.499,9.04,9.312,22745
2018-03-06,9.3101,9.3101,8.99,9.26,14799
2018-03-07,9.2599,9.3,8.991,9.02,12344
2018-03-08,9.03,9.26,9.0098,9.25,20255
2018-03-09,9.0152,9.28,9.01,9.2703,11727
2018-03-12,9.4332,9.8,9.395,9.651,9856
2018-03-13,9.74,9.7607,9.2424,9.56,4559
2018-03-14,9.64,9.64,9.4211,9.4211,1834
2018-03-15,9.55,9.6711,9.4,9.4,9831
2018-03-16,9.32,9.32,9.1216,9.16,5544
2018-03-19,9.1,9.3852,9.1,9.3852,5898
2018-03-20,9.3852,9.3852,9.3852,9.3852,191
2018-03-21,9.3901,9.96,9.3901,9.6994,13539
2018-03-22,9.689,9.689,9.2225,9.27,11557
2018-03-23,9.26,9.27,8.7974,9.19,12337
2018-03-26,9.12,9.28,9.0762,9.13,3503
2018-03-27,9.139,9.689,9.0417,9.689,5349
2018-03-28,9.35,9.35,9.08,9.08,4659
2018-03-29,9.08,9.39,9.0,9.13,10157
2018-04-02,9.161,9.18,9.0,9.01,8798
2018-04-03,9.7,9.9495,9.0,9.21,64944
2018-04-04,9.75,9.75,9.15,9.33,19094
2018-04-05,9.45,9.45,9.1,9.23,35864
2018-04-06,9.19,9.2,8.98,8.98,24694
2018-04-09,9.09,9.3098,8.9834,9.0834,12606
2018-04-10,9.15,9.2778,9.02,9.02,6438
2018-04-11,9.13,9.13,9.0,9.11,4595
2018-04-12,9.07,9.12,9.02,9.05,4473
2018-04-13,9.0,9.0126,8.7973,8.9284,10942
2018-04-16,8.98,8.98,8.8178,8.8949,7942
2018-04-17,8.9406,8.9848,8.9271,8.9271,2785
2018-04-18,8.9452,8.9697,8.83,8.83,5383
2018-04-19,8.9,8.94,8.48,8.48,17868
2018-04-20,8.5,8.5,8.01,8.01,31574
2018-04-23,8.03,8.14,7.789,7.91,32274
2018-04-24,7.91,8.035,7.9,7.95,8988
2018-04-25,8.42,8.42,8.05,8.1045,18323
2018-04-26,8.0358,8.3499,8.0331,8.25,730
2018-04-27,8.1699,8.1699,8.05,8.07,2805
2018-04-30,8.1908,8.2299,8.051,8.2299,6875
2018-05-01,8.1776,8.25,8.1,8.25,10468
2018-05-02,8.16,8.2423,7.92,7.92,14555
2018-05-03,7.92,8.2,7.8,8.06,17988
2018-05-04,8.13,8.4999,8.06,8.13,11064
2018-05-07,8.11,8.3044,7.87,7.88,9831
2018-05-08,7.9574,7.9574,7.9,7.92,2791
2018-05-09,7.95,8.02,7.95,7.95,4354
2018-05-10,8.0,8.31,7.9851,8.04,17153
2018-05-11,8.1,8.2,8.0,8.06,5471
2018-05-14,8.01,8.13,7.81,7.82,9170
2018-05-15,7.85,7.85,7.72,7.789,12442
2018-05-16,7.7,7.9899,7.6,7.61,43834
2018-05-17,7.6699,7.8566,7.253,7.49,43779
2018-05-18,7.39,7.4724,6.92,6.94,72121
2018-05-21,6.85,7.645,6.85,7.08,51277
2018-05-22,7.13,7.2614,7.01,7.03,18423
2018-05-23,7.03,7.399,6.95,6.95,25294
2018-05-24,7.07,7.09,6.95,6.97,13794
2018-05-25,6.98,7.38,6.98,7.24,15419
2018-05-29,7.27,7.39,7.12,7.32,4583
2018-05-30,7.3345,7.3345,7.11,7.11,17817
2018-05-31,7.2,7.2001,7.1098,7.15,6673
2018-06-01,7.22,7.3,7.02,7.3,36208
2018-06-04,7.24,7.24,7.061,7.14,6662
2018-06-05,7.2,7.5639,7.2,7.47,32057
2018-06-06,7.5,7.655,7.3699,7.42,21122
2018-06-07,7.46,7.93,7.3758,7.7,6397
2018-06-08,7.74,7.89,7.53,7.53,7757
2018-06-11,7.5,7.56,7.21,7.22,16735
2018-06-12,7.329,7.7313,7.32,7.5,41264
2018-06-13,7.4962,7.5,7.41,7.4601,5074
2018-06-14,7.4101,7.7067,7.3,7.41,16865
2018-06-15,7.4,7.4,7.35,7.35,5404
2018-06-18,7.34,7.44,7.34,7.35,6124
2018-06-19,7.3,7.43,7.23,7.23,32842
2018-06-20,7.32,7.82,7.28,7.41,49492
2018-06-21,7.53,7.56,7.35,7.35,13242
2018-06-22,7.41,7.41,7.23,7.23,11435
2018-06-25,7.231,7.231,6.9594,7.0,19256
2018-06-26,7.01,7.18,7.01,7.01,22392
2018-06-27,7.05,7.05,6.93,6.96,12102
2018-06-28,6.96,7.1001,6.59,6.93,33451
2018-06-29,6.87,7.0618,6.3897,6.66,54616
2018-07-02,6.6,7.14,6.5,6.94,25978
2018-07-03,6.94,7.0285,6.94,6.99,4189
2018-07-05,6.99,7.15,6.95,6.95,10124
2018-07-06,6.87,6.9428,6.7601,6.9,8267
2018-07-09,6.8,6.869,6.76,6.815,3388
2018-07-10,6.8,7.07,6.8,6.89,20755
2018-07-11,6.91,7.0374,6.861,6.94,8445
2018-07-12,7.0,7.098,6.9593,7.0,12413
2018-07-13,7.1999,7.3199,7.1,7.1875,11902
2018-07-16,7.2,7.3975,7.02,7.02,3476
2018-07-17,7.08,7.3379,7.0767,7.1,2346
2018-07-18,7.19,7.2699,7.09,7.1002,8477
2018-07-19,7.18,7.25,7.1084,7.25,6139
2018-07-20,7.26,7.78,7.2,7.2,15542
2018-07-23,7.26,7.62,7.25,7.31,12648
2018-07-24,7.44,7.44,7.3,7.3,5369
2018-07-25,7.25,7.3712,7.25,7.3,6795
2018-07-26,7.34,7.49,7.32,7.34,12682
2018-07-27,7.41,7.5625,7.295,7.4,119375
2018-07-30,7.3,7.4249,7.261,7.3627,5363
2018-07-31,7.3202,7.39,7.25,7.25,16493
2018-08-01,7.25,7.355,7.25,7.2874,2777
2018-08-02,7.25,7.2985,7.25,7.25,5356
2018-08-03,7.35,7.4,7.25,7.2698,23895
2018-08-06,7.25,7.3844,7.25,7.271,8621
2018-08-07,7.25,7.35,7.25,7.25,11282
2018-08-08,7.27,7.3344,7.27,7.3,5299
2018-08-09,7.25,7.35,7.15,7.1847,26611
2018-08-10,7.25,7.2588,7.1796,7.1947,9226
2018-08-13,7.1817,7.19,6.55,6.6785,72691
2018-08-14,6.8,6.97,6.29,6.5,60590
2018-08-15,5.35,5.7499,5.25,5.449,167138
2018-08-16,5.5,5.98,5.5,5.69,39929
2018-08-17,5.64,5.93,5.35,5.72,69998
2018-08-20,5.72,5.8715,5.5501,5.595,14969
2018-08-21,5.56,5.7889,5.512,5.6,34257
2018-08-22,5.57,5.68,5.5,5.65,12463
2018-08-23,5.65,5.8005,5.61,5.76,15878
2018-08-24,5.69,5.89,5.69,5.87,19238
2018-08-27,5.9,6.68,5.791,6.01,56209
2018-08-28,6.09,6.25,6.09,6.22,5687
2018-08-29,6.22,6.449,6.2,6.3889,24862
2018-08-30,6.31,6.42,6.3,6.42,8629
2018-08-31,6.35,6.47,6.25,6.45,11372
2018-09-04,6.48,6.7075,6.31,6.45,17946
2018-09-05,6.42,6.5,6.25,6.375,13824
2018-09-06,6.4,6.4,6.25,6.4,18347
2018-09-07,6.34,6.39,6.25,6.389,11473
2018-09-10,6.37,6.4368,6.05,6.2,19427
2018-09-11,6.35,6.4,6.15,6.15,10330
2018-09-12,6.15,6.24,6.015,6.1,30180
2018-09-13,6.08,6.329,6.07,6.08,13389
2018-09-14,6.05,6.24,6.05,6.06,14686
2018-09-17,6.06,6.39,6.06,6.14,20271
2018-09-18,6.1,6.2,6.1,6.11,21400
2018-09-19,6.1,6.3862,6.09,6.24,35501
2018-09-20,6.13,6.15,6.06,6.1,43061
2018-09-21,6.1,6.198,6.06,6.11,16656
2018-09-24,6.15,6.36,5.945,6.16,18286
2018-09-25,6.152,6.152,6.02,6.1,7681
2018-09-26,6.06,6.17,6.0017,6.17,6412
2018-09-27,6.08,6.38,6.0421,6.35,35110
2018-09-28,6.4415,6.4415,6.15,6.15,2433
2018-10-01,6.1,6.2438,6.03,6.06,32636
2018-10-02,6.08,6.33,6.03,6.17,19146
2018-10-03,6.21,6.3,6.0574,6.28,9113
2018-10-04,6.24,6.24,6.0842,6.2,8082
2018-10-05,6.24,6.32,6.1205,6.2,10420
2018-10-08,6.19,6.2,6.1,6.1,5067
2018-10-09,6.15,6.3,6.11,6.11,3859
2018-10-10,6.07,6.24,6.07,6.07,3150
2018-10-11,6.05,6.05,6.0,6.05,22604
2018-10-12,6.11,6.24,6.0,6.24,13991
2018-10-15,6.24,6.3,6.0,6.07,49998
2018-10-16,6.09,6.21,6.0,6.02,48282
2018-10-17,5.96,6.07,5.55,5.6,93415
2018-10-18,5.55,5.94,5.51,5.55,66063
2018-10-19,5.56,5.77,5.5,5.54,28438
2018-10-22,5.52,5.54,5.35,5.4,22414
2018-10-23,5.36,5.3899,5.2692,5.2692,9949
2018-10-24,5.3899,5.3899,5.12,5.1528,7561
2018-10-25,5.15,5.39,5.0652,5.25,38176
2018-10-26,5.19,5.3875,5.12,5.31,11114
2018-10-29,5.31,5.44,5.1551,5.37,5840
2018-10-30,5.29,5.29,5.07,5.15,20768
2018-10-31,5.14,5.24,5.05,5.05,13308
2018-11-01,5.12,5.24,5.12,5.24,4198
2018-11-02,4.95,4.95,4.0,4.39,199797
2018-11-05,4.42,5.0,4.3242,4.51,40942
2018-11-06,4.6292,4.9378,4.55,4.55,3776
2018-11-07,4.6,4.6872,4.4233,4.65,12671
2018-11-08,4.55,4.696,4.27,4.54,15371
2018-11-09,4.34,4.4,4.1201,4.23,20706
2018-11-12,4.19,4.27,4.14,4.14,3667
2018-11-13,4.21,4.21,4.15,4.21,633
2018-11-14,4.17,4.39,4.1383,4.38,5476
2018-11-15,4.4,4.6,4.12,4.31,32102
2018-11-16,4.31,4.4489,4.27,4.29,4016
2018-11-19,4.32,4.67,4.25,4.65,33677
2018-11-20,4.7,4.7,4.512,4.67,6489
2018-11-21,4.63,4.78,4.52,4.53,14755
2018-11-23,4.53,4.6,4.53,4.53,4758
2018-11-26,4.6,4.6,4.49,4.52,10346
2018-11-27,4.48,4.49,4.43,4.49,10033
2018-11-28,4.47,4.568,4.38,4.4,16722
2018-11-29,4.45,4.6,4.42,4.57,29285
2018-11-30,4.6,4.93,4.51,4.7,24659
2018-12-03,4.9,4.9,4.51,4.59,19662
2018-12-04,4.53,4.8656,4.48,4.57,13410
2018-12-06,4.5,4.6195,4.48,4.5,32836
2018-12-07,4.5626,4.5626,4.31,4.31,26890
2018-12-10,4.25,4.3699,4.1306,4.19,40401
2018-12-11,4.4394,4.4739,4.12,4.12,11542
2018-12-12,4.11,4.29,4.05,4.09,30876
2018-12-13,4.08,4.1309,4.02,4.02,21965
2018-12-14,4.01,4.193,3.87,3.89,30618
2018-12-17,3.8715,4.0899,3.8562,3.93,13083
2018-12-18,4.01,4.0107,3.88,3.94,15703
2018-12-19,3.89,4.0,3.85,3.85,21219
2018-12-20,3.9,3.912,3.75,3.75,24423
2018-12-21,3.75,3.85,3.53,3.59,42226
2018-12-24,3.6,3.7,3.4,3.41,37351
2018-12-26,3.49,3.49,3.35,3.43,38301
2018-12-27,3.43,3.69,3.411,3.65,28246
2018-12-28,3.62,3.75,3.6113,3.7,26444
2018-12-31,3.72,3.72,3.5206,3.55,37190
2019-01-02,3.56,3.7999,3.3771,3.73,5987
2019-01-03,3.74,3.87,3.74,3.87,4132
2019-01-04,3.8399,3.885,3.7183,3.87,19683
2019-01-07,3.9867,3.9867,3.9,3.92,2532
2019-01-08,3.91,3.9272,3.7,3.9272,7049
2019-01-09,3.93,3.96,3.78,3.78,8439
2019-01-10,3.87,3.95,3.87,3.92,5086
2019-01-11,3.96,3.96,3.91,3.95,7091
2019-01-14,3.89,4.0,3.89,3.99,9631
2019-01-15,3.88,4.01,3.8155,4.01,1237
2019-01-16,3.9179,4.1576,3.9179,4.1323,20142
2019-01-17,4.14,4.27,4.0034,4.22,17060
2019-01-18,4.21,4.29,4.21,4.27,7360
2019-01-22,4.2592,4.2592,4.15,4.16,11195
2019-01-23,4.15,4.19,4.15,4.19,6172
2019-01-24,4.15,4.31,4.15,4.3,6955
2019-01-25,4.2858,4.7,4.245,4.48,29323
2019-01-28,4.62,4.63,4.32,4.33,11557
2019-01-29,4.36,4.5,4.35,4.41,10837
2019-01-30,4.52,4.7384,4.31,4.48,7487
2019-01-31,4.48,4.55,4.22,4.55,9387
2019-02-01,4.53,4.53,4.2724,4.4,8660
2019-02-04,4.51,4.7525,4.36,4.36,13460
2019-02-05,4.36,4.64,4.36,4.4883,4535
2019-02-06,4.53,4.61,4.46,4.47,4269
2019-02-07,4.45,4.45,4.3248,4.3248,2615
2019-02-08,4.26,4.45,4.26,4.36,2786
2019-02-11,4.35,4.4677,4.35,4.36,3058
2019-02-12,4.46,4.7,4.46,4.68,5274
2019-02-13,4.69,4.69,4.55,4.67,2032
2019-02-14,4.6,4.67,4.51,4.51,1327
2019-02-15,4.57,4.57,4.42,4.42,2316
2019-02-19,4.5,4.69,4.45,4.5,41977
2019-02-20,4.4,4.61,4.25,4.27,39332
2019-02-21,4.32,4.55,4.17,4.32,24068
2019-02-22,4.2205,4.5,4.2205,4.3023,7487
2019-02-25,4.25,4.5,4.21,4.21,8448
2019-02-26,4.25,4.62,4.25,4.27,9717
2019-02-27,4.25,4.62,4.25,4.42,3543
2019-02-28,4.4,4.4,4.02,4.14,18866
2019-03-01,4.18,4.18,4.14,4.14,1217
2019-03-04,4.16,4.16,3.879,4.15,13991
2019-03-05,4.1306,4.1306,4.01,4.0368,4221
2019-03-06,4.0001,4.0001,3.95,3.9789,10928
2019-03-07,3.93,4.032,3.82,3.82,3015
2019-03-08,3.82,4.16,3.8,4.05,20524
2019-03-11,3.98,4.47,3.95,4.03,14598
2019-03-12,4.0,4.0803,4.0,4.0797,6297
2019-03-13,4.03,4.17,4.03,4.08,6767
2019-03-14,4.06,4.0896,3.98,4.01,5884
2019-03-15,3.99,4.14,3.99,3.99,22471
2019-03-18,3.94,4.0403,3.9,3.9,8126
2019-03-19,3.94,4.1,3.93,4.0621,10653
2019-03-20,3.99,4.08,3.91,3.96,6788
2019-03-21,4.0,4.3943,3.99,4.09,25930
2019-03-22,4.2,4.39,4.01,4.0279,7334
2019-03-25,4.0,4.0354,3.9,3.91,5958
2019-03-26,3.9591,3.9744,3.87,3.94,11327
2019-03-27,3.92,3.95,3.89,3.92,9495
2019-03-28,3.92,3.92,3.8894,3.92,3566
2019-03-29,3.93,3.9534,3.89,3.93,9624
2019-04-01,3.98,3.98,3.9,3.9,8909
2019-04-02,3.85,3.9606,3.62,3.78,64527
2019-04-03,3.7994,3.859,3.6585,3.7691,8964
2019-04-04,3.68,3.789,3.44,3.48,66084
2019-04-05,3.51,3.78,3.4891,3.74,31064
2019-04-08,3.74,3.86,3.6,3.6,14204
2019-04-09,3.68,3.79,3.67,3.74,8961
2019-04-10,3.72,3.8499,3.66,3.69,9196
2019-04-11,3.73,3.7567,3.6984,3.7117,1456
2019-04-12,3.77,3.84,3.7516,3.76,12921
2019-04-15,3.74,3.8,3.7103,3.73,5183
2019-04-16,3.73,3.79,3.602,3.69,6867
2019-04-17,3.72,3.8382,3.65,3.67,4852
2019-04-18,3.7,3.75,3.6209,3.74,2038
2019-04-22,3.74,3.74,3.61,3.62,4866
2019-04-23,3.63,3.6889,3.62,3.6871,7782
2019-04-24,3.66,3.6851,3.63,3.63,2795
2019-04-25,3.68,3.68,3.64,3.6581,2303
2019-04-26,3.62,3.82,3.62,3.6901,11437
2019-04-29,3.66,3.7,3.64,3.6699,3865
2019-04-30,3.6381,3.7,3.6381,3.66,6192
2019-05-01,3.62,3.7699,3.62,3.66,10194
2019-05-02,3.74,3.75,3.6962,3.6962,3290
2019-05-03,3.6319,3.82,3.6319,3.78,6971
2019-05-06,3.63,3.7316,3.62,3.62,3507
2019-05-07,3.68,3.7245,3.65,3.65,5735
2019-05-08,3.8198,3.9675,3.71,3.79,6191
2019-05-09,3.83,3.83,3.6693,3.73,2575
2019-05-10,3.6319,3.67,3.61,3.61,4291
2019-05-13,3.61,3.7,3.6,3.7,12084
2019-05-14,3.618,3.6718,3.54,3.6636,11604
2019-05-15,3.5678,3.6503,3.51,3.61,6386
2019-05-16,3.57,3.5773,3.54,3.56,8467
2019-05-17,3.54,3.58,3.54,3.57,4319
2019-05-20,3.59,3.59,3.525,3.5763,2673
2019-05-21,3.5879,3.5953,3.5879,3.5953,1982
2019-05-22,3.6545,3.7,3.6545,3.6999,7048
2019-05-23,3.71,3.71,3.6,3.65,21079
2019-05-24,3.62,3.84,3.62,3.68,1168
2019-05-28,3.73,3.85,3.7012,3.82,20817
2019-05-29,3.845,3.845,3.83,3.83,3267
2019-05-30,3.82,3.821,3.72,3.72,9393
2019-05-31,3.7,3.7,3.6,3.6163,13218
2019-06-03,3.67,3.79,3.67,3.79,1622
2019-06-04,3.7619,3.7619,3.6209,3.6209,581
2019-06-05,3.65,3.8754,3.65,3.748,26839
2019-06-06,3.7712,3.8,3.7712,3.8,14946
2019-06-07,3.8,3.8,3.76,3.76,1836
2019-06-10,3.73,3.7861,3.64,3.6616,8732
2019-06-11,3.7185,3.7772,3.7,3.75,5194
2019-06-12,3.75,3.7839,3.7,3.7,6270
2019-06-13,3.71,3.72,3.71,3.72,304
2019-06-14,3.7,3.7199,3.65,3.7111,5203
2019-06-17,3.71,3.71,3.65,3.6709,3560
2019-06-18,3.66,3.6912,3.66,3.685,2348
2019-06-19,3.654,3.7,3.65,3.66,6758
2019-06-20,3.65,3.7185,3.65,3.709,8915
2019-06-21,3.69,3.779,3.65,3.7256,8549
2019-06-24,3.71,3.7286,3.62,3.63,11331
2019-06-25,3.7145,3.73,3.67,3.73,2323
2019-06-26,3.71,3.735,3.71,3.71,1540
2019-06-27,3.7227,3.78,3.7227,3.75,9118
2019-06-28,3.7809,3.8,3.65,3.65,22416
2019-07-01,3.72,3.8,3.67,3.67,8307
2019-07-02,3.7,3.7386,3.7,3.72,1614
2019-07-03,3.7,3.7506,3.7,3.725,1425
2019-07-05,3.7,3.7,3.7,3.7,484
2019-07-08,3.7652,3.7652,3.72,3.72,5269
2019-07-09,3.75,3.76,3.7185,3.76,13187
2019-07-10,3.76,3.8,3.75,3.76,9135
2019-07-11,3.7661,3.8,3.69,3.705,20042
2019-07-12,3.7,3.74,3.6895,3.69,6521
2019-07-15,3.65,3.7169,3.65,3.67,1386
2019-07-16,3.7654,3.785,3.718,3.718,1621
2019-07-17,3.685,3.7,3.685,3.7,868
2019-07-18,3.7218,3.7304,3.7218,3.7304,378
2019-07-19,3.67,3.67,3.6,3.61,6705
2019-07-22,3.662,3.662,3.65,3.66,2452
2019-07-23,3.68,3.7082,3.66,3.7082,1466
2019-07-24,3.6899,3.7,3.65,3.7,10020
2019-07-25,3.7,3.72,3.7,3.7,5745
2019-07-26,3.67,3.71,3.58,3.64,12308
2019-07-29,3.61,3.79,3.52,3.68,9790
2019-07-30,3.7,3.75,3.6165,3.725,10892
2019-07-31,3.75,3.7676,3.6,3.6,15144
2019-08-01,3.75,3.75,3.55,3.55,3903
2019-08-02,3.6,3.7739,3.5998,3.7739,2054
2019-08-05,3.5627,3.61,3.5627,3.61,4394
2019-08-06,3.7412,3.7412,3.618,3.7,855
2019-08-07,3.53,3.69,3.53,3.58,2669
2019-08-08,3.63,3.73,3.49,3.49,2661
2019-08-09,3.5,3.68,3.5,3.68,11489
2019-08-12,3.5001,3.5001,3.5001,3.5001,1384
2019-08-13,3.536,3.8,3.5218,3.6,18443
2019-08-14,3.55,3.68,3.45,3.45,24635
2019-08-15,3.4771,3.49,3.4,3.41,13369
2019-08-16,3.4,3.44,3.4,3.41,4448
2019-08-19,3.365,3.43,3.29,3.4,22452
2019-08-20,3.39,3.44,3.3,3.44,22358
2019-08-21,3.41,3.44,3.4,3.4166,145790
2019-08-22,3.4562,3.7009,3.4562,3.61,4889
2019-08-23,3.652,3.652,3.5,3.5135,1274
2019-08-26,3.45,3.6679,3.45,3.6679,837
2019-08-27,3.6755,3.7024,3.5503,3.7024,1081
2019-08-28,3.6582,3.7351,3.6582,3.6707,3700
2019-08-29,3.6819,3.7,3.6819,3.7,1060
2019-08-30,3.6547,3.6547,3.62,3.62,1231
2019-09-03,3.67,3.67,3.62,3.66,773
2019-09-04,3.61,3.6287,3.5,3.6,1857
2019-09-05,3.67,3.69,3.6,3.6,5063
2019-09-06,3.6324,3.6324,3.5473,3.5473,412
2019-09-09,3.53,3.6721,3.53,3.66,914
2019-09-10,3.6424,3.6424,3.6424,3.6424,208
2019-09-11,3.6597,3.6597,3.5831,3.5831,768
2019-09-12,3.5931,3.7,3.43,3.46,18815
2019-09-13,3.604,3.6613,3.51,3.5508,3411
2019-09-16,3.55,3.71,3.55,3.58,10095
2019-09-17,3.6,3.6366,3.5857,3.6307,10164
2019-09-18,3.59,3.5928,3.49,3.57,13357
2019-09-19,3.6,3.6,3.5201,3.53,2801
2019-09-20,3.5448,3.5448,3.4752,3.54,5733
2019-09-23,3.51,3.58,3.4,3.4,21813
2019-09-24,3.4198,3.5,3.32,3.35,4164
2019-09-25,3.347,3.4799,3.32,3.32,17764
2019-09-26,3.34,3.38,3.27,3.27,6277
2019-09-27,3.25,3.37,3.25,3.3,7563
2019-09-30,3.3,3.3325,3.3,3.3325,1684
2019-10-01,3.3245,3.39,3.25,3.3537,22909
2019-10-02,3.2601,3.34,3.25,3.25,7788
2019-10-03,3.2474,3.3005,3.22,3.23,2000
2019-10-04,3.23,3.2707,3.23,3.23,1759
2019-10-07,3.23,3.27,3.23,3.25,5339
2019-10-08,3.1798,3.22,3.169,3.22,4922
2019-10-09,3.16,3.221,3.16,3.2,10171
2019-10-10,3.15,3.1842,3.12,3.12,14458
2019-10-11,3.11,3.1333,3.1,3.11,17847
2019-10-14,3.1114,3.14,3.1114,3.14,3071
2019-10-15,3.114,3.17,3.1,3.14,20649
2019-10-16,3.14,3.323,3.14,3.2,17214
2019-10-17,3.16,3.3398,3.14,3.3398,1929
2019-10-18,3.24,3.29,3.24,3.25,3064
2019-10-21,3.21,3.3209,3.19,3.2077,6862
2019-10-22,3.28,3.75,3.28,3.71,41311
2019-10-23,3.76,3.92,3.6243,3.88,23781
2019-10-24,3.79,3.99,3.79,3.9438,8063
2019-10-25,3.71,3.85,3.7001,3.75,9134
2019-10-28,3.8,3.99,3.8,3.9,4986
2019-10-29,3.9,3.99,3.81,3.91,14597
2019-10-30,3.86,4.0,3.7286,3.98,7684
2019-10-31,3.875,3.95,3.7591,3.94,3489
2019-11-01,3.8868,3.92,3.84,3.85,7506
2019-11-04,3.85,3.8939,3.7688,3.865,17398
2019-11-05,3.87,3.89,3.8332,3.875,5492
2019-11-06,3.82,3.9307,3.7173,3.9307,3663
2019-11-07,3.93,3.93,3.68,3.8899,3050
2019-11-08,3.8443,3.8443,3.8,3.805,920
2019-11-11,3.8511,3.8511,3.735,3.735,1233
2019-11-12,3.6085,3.62,3.45,3.5139,9290
2019-11-13,3.66,3.87,3.51,3.51,13807
2019-11-14,3.62,3.8076,3.58,3.71,12978
2019-11-15,3.74,3.8,3.74,3.8,711
2019-11-18,3.7101,3.72,3.5812,3.72,7736
2019-11-19,3.63,3.86,3.5601,3.7,8005
2019-11-20,3.62,3.75,3.53,3.53,36753
2019-11-21,3.53,3.75,3.48,3.4924,16575
2019-11-22,3.7332,3.7332,3.4682,3.55,1955
2019-11-25,3.5,3.7116,3.5,3.7116,5259
2019-11-26,3.5778,3.6173,3.55,3.568,6690
2019-11-27,3.55,3.64,3.5,3.5702,6663
2019-11-29,3.6,3.6,3.3,3.3,10209
2019-12-02,3.44,3.67,3.37,3.5188,15720
2019-12-03,3.4,3.545,3.22,3.31,36162
2019-12-04,3.24,3.36,3.24,3.26,6398
2019-12-05,3.26,3.311,3.26,3.285,2676
2019-12-06,3.29,3.34,3.29,3.29,6764
2019-12-09,3.27,3.3202,3.2601,3.32,10570
2019-12-10,3.28,3.3295,3.26,3.3,17231
2019-12-11,3.2999,3.4771,3.28,3.31,19191
2019-12-12,3.32,3.38,3.31,3.3102,25488
2019-12-13,3.31,3.3445,3.31,3.3167,5050
2019-12-16,3.31,3.4,3.31,3.37,9931
2019-12-17,3.45,3.45,3.3825,3.4,4033
2019-12-18,3.36,3.431,3.3575,3.4,17049
2019-12-19,3.4,3.4213,3.3501,3.3601,16005
2019-12-20,3.3737,3.45,3.3329,3.3329,11151
2019-12-23,3.33,3.3468,3.25,3.3085,31679
2019-12-24,3.32,3.4068,3.2501,3.3668,18884
2019-12-26,3.42,3.42,3.3448,3.3448,23240
2019-12-27,3.33,3.3334,3.25,3.305,29524
2019-12-30,3.27,3.3267,3.18,3.22,36235
2019-12-31,3.1475,3.2864,3.13,3.22,32735
2020-01-02,3.2527,3.32,3.2223,3.2223,20851
2020-01-03,3.2,3.3175,3.2,3.23,4694
2020-01-06,3.22,3.3,3.22,3.28,5222
2020-01-07,3.2736,3.275,3.25,3.2616,3725
2020-01-08,3.23,3.321,3.23,3.3119,19947
2020-01-09,3.295,3.3943,3.295,3.3943,11148
2020-01-10,3.412,3.4709,3.3785,3.4709,13042
2020-01-13,3.4937,3.556,3.48,3.48,11330
2020-01-14,3.551,3.81,3.551,3.74,30253
2020-01-15,3.74,3.89,3.44,3.5722,24541
2020-01-16,3.57,3.842,3.57,3.76,19692
2020-01-17,3.83,3.83,3.6407,3.6679,8406
2020-01-21,3.62,3.84,3.62,3.84,11397
2020-01-22,3.724,4.47,3.7239,4.3499,69210
2020-01-23,4.39,4.5,3.82,4.3791,26910
2020-01-24,4.42,4.8799,4.42,4.73,61690
2020-01-27,4.74,4.74,4.29,4.39,17601
2020-01-28,4.52,4.52,4.12,4.12,28163
2020-01-29,4.12,4.3201,4.12,4.2631,5915
2020-01-30,4.3599,4.68,4.3287,4.58,24946
2020-01-31,4.54,4.9299,4.3367,4.8391,19621
2020-02-03,4.9,5.5,4.8658,5.22,56370
2020-02-04,5.43,5.59,5.15,5.31,74280
2020-02-05,5.3,5.4215,5.1601,5.35,14688
2020-02-06,5.36,5.36,4.9,5.0,52963
2020-02-07,5.0,5.2,5.0,5.07,17035
2020-02-10,5.24,5.24,5.1,5.16,7122
2020-02-11,5.21,5.24,5.06,5.08,4689
2020-02-12,5.0545,5.17,5.02,5.0351,8910
2020-02-13,5.01,5.1044,4.9,4.9921,15906
2020-02-14,4.9,5.01,4.76,5.01,16033
2020-02-18,4.9,4.9,4.85,4.85,3115
2020-02-19,4.84,4.933,4.7527,4.77,8231
2020-02-20,4.8,4.9575,4.8,4.81,12030
2020-02-21,4.81,4.865,4.75,4.75,7373
2020-02-24,4.89,4.94,4.21,4.68,12212
2020-02-25,4.51,4.58,4.1,4.26,8287
2020-02-26,4.28,4.53,4.2,4.37,9271
2020-02-27,4.21,4.34,3.75,3.96,43191
2020-02-28,3.81,4.0,3.81,3.9,9212
2020-03-02,3.9,3.9433,3.545,3.7159,24714
2020-03-03,3.63,3.88,3.57,3.88,15003
2020-03-04,3.76,4.57,3.71,3.71,14635
2020-03-05,3.8,4.1295,3.79,3.8662,14387
2020-03-06,3.7,3.84,3.63,3.68,13472
2020-03-09,3.44,3.5802,3.22,3.45,17593
2020-03-10,3.53,3.53,3.22,3.3669,18328
2020-03-11,3.3,3.35,3.1603,3.2242,13448
2020-03-12,3.1305,3.1305,2.8,2.8455,47469
2020-03-13,2.85,3.34,2.85,2.9324,32540
2020-03-16,2.85,3.0406,2.6,2.84,14476
2020-03-17,3.1,3.1,2.6391,2.73,22510
2020-03-18,2.95,3.0,2.63,2.68,25362
2020-03-19,2.785,2.785,2.3633,2.6,32066
2020-03-20,2.47,2.6257,2.2652,2.27,19734
2020-03-23,2.24,2.3,1.95,2.01,28328
2020-03-24,2.205,2.6699,2.205,2.4836,38232
2020-03-25,2.62,2.85,2.44,2.67,10864
2020-03-26,2.66,2.66,2.45,2.65,15168
2020-03-27,2.39,2.86,2.39,2.59,2274
2020-03-30,2.69,2.69,2.3421,2.425,14811
2020-03-31,2.32,2.45,2.32,2.38,4307
2020-04-01,2.4205,2.69,2.32,2.33,19234
2020-04-02,2.37,2.3818,2.2,2.25,15700
2020-04-03,2.2,2.7147,2.2,2.32,8965
2020-04-06,2.5,2.6915,2.5,2.5,3566
2020-04-07,2.7205,2.7205,2.5983,2.61,3095
2020-04-08,2.7302,2.75,2.6263,2.7,9399
2020-04-09,2.66,3.0238,2.55,3.01,21782
2020-04-13,3.11,3.4036,3.11,3.25,21788
2020-04-14,2.86,3.315,2.86,3.315,6862
2020-04-15,3.3561,3.39,3.333,3.3858,16479
2020-04-16,3.51,4.05,3.425,3.9,60147
2020-04-17,4.1,4.1,3.6,3.79,20238
2020-04-20,3.88,3.88,3.68,3.681,6416
2020-04-21,3.61,3.776,3.563,3.59,9945
2020-04-22,3.83,3.83,3.6925,3.72,3924
2020-04-23,3.7795,3.7795,3.6,3.61,3119
2020-04-24,3.57,3.7921,3.54,3.625,6799
2020-04-27,3.56,3.729,3.54,3.729,4620
2020-04-28,3.79,3.79,3.6,3.64,10320
2020-04-29,3.65,3.75,3.6,3.62,15304
2020-04-30,3.73,3.97,3.6,3.6,55890
2020-05-01,3.6,3.7327,3.525,3.6317,7497
2020-05-04,3.49,3.627,3.31,3.47,3780
2020-05-05,3.42,3.4886,3.02,3.1649,21706
2020-05-06,3.14,3.465,3.1,3.35,30128
2020-05-07,3.14,3.4134,3.07,3.16,15707
2020-05-08,3.28,3.4879,3.1498,3.3,35508
2020-05-11,3.16,3.35,3.08,3.08,5336
2020-05-12,3.15,3.21,3.12,3.15,12912
2020-05-13,3.14,3.34,2.85,3.063,21281
2020-05-14,2.94,2.98,2.69,2.85,22746
2020-05-15,3.19,3.19,2.92,3.1001,17733
2020-05-18,3.1,3.1425,2.84,3.01,12194
2020-05-19,3.14,3.14,2.87,3.05,13676
2020-05-20,3.15,3.15,2.85,3.04,11258
2020-05-21,3.15,3.15,2.93,2.94,10379
2020-05-22,2.94,3.1199,2.94,3.04,2122
2020-05-26,3.15,3.15,2.933,3.1282,15930
2020-05-27,3.0,3.1099,3.0,3.0,6431
2020-05-28,2.97,3.05,2.91,2.96,8100
2020-05-29,3.15,3.23,2.9201,3.1551,73306
2020-06-01,3.13,3.16,3.02,3.16,11153
2020-06-02,3.1,3.18,3.01,3.16,14161
2020-06-03,3.16,3.17,3.08,3.14,13383
2020-06-04,3.15,3.16,3.06,3.15,9741
2020-06-05,3.16,3.1701,3.109,3.16,19734
2020-06-08,3.16,3.75,3.16,3.47,120787
2020-06-09,3.54,3.68,3.2,3.58,15230
2020-06-10,3.58,3.6377,3.33,3.38,12786
2020-06-11,3.38,3.48,3.1,3.1023,13196
2020-06-12,3.51,3.51,2.9803,3.0,18087
2020-06-15,3.11,3.27,2.97,3.05,7053
2020-06-16,3.1601,3.26,3.08,3.09,6983
2020-06-17,3.3304,3.3304,3.182,3.2676,1771
2020-06-18,3.287,3.44,3.15,3.26,3336
2020-06-19,3.2,3.38,3.16,3.16,8181
2020-06-22,3.16,3.1874,3.1101,3.18,2455
2020-06-23,3.23,3.28,3.1,3.2286,25428
2020-06-24,3.1735,3.28,3.0298,3.137,14463
2020-06-25,3.14,3.14,3.0564,3.09,3312
2020-06-26,3.1,3.15,3.0,3.06,6456
2020-06-29,3.08,3.09,2.99,3.0,1300
2020-06-30,3.06,3.15,2.96,3.08,9800
2020-07-01,3.08,3.14,2.86,2.96,15900
2020-07-02,2.92,3.11,2.9,2.93,3600
2020-07-06,3.02,3.08,2.87,2.9,12000
2020-07-07,2.9,3.1,2.8747,3.0,29200
2020-07-08,3.08,3.09,2.95,3.09,8400
2020-07-09,3.1,3.67,2.93,3.39,103200
2020-07-10,3.45,3.46,3.2,3.36,26300
2020-07-13,3.28,3.5,3.25,3.3,27000
2020-07-14,3.54,4.7,3.05,3.37,754300
2020-07-15,3.14,3.28,3.02,3.15,45000
2020-07-16,3.09,3.43,3.09,3.4,22600
2020-07-17,3.28,3.49,3.24,3.37,24400
2020-07-20,3.37,3.5,3.17,3.28,14036
2020-07-21,3.28,3.49,3.26,3.36,10746
2020-07-22,3.25,3.26,3.12,3.245,4705
2020-07-23,3.3,3.38,3.12,3.18,16070
2020-07-24,3.25,3.36,3.15,3.17,12957
2020-07-27,3.11,3.256,3.11,3.2,10950
2020-07-28,3.21,3.31,3.1307,3.2,4962
2020-07-29,3.15,3.34,3.15,3.211,12146
2020-07-30,3.1326,3.26,3.1326,3.1689,5412
2020-07-31,3.1701,3.2008,3.12,3.13,7994
2020-08-03,3.13,3.21,3.13,3.2024,11591
2020-08-04,3.154,3.295,3.1307,3.27,10109
2020-08-05,3.3999,3.74,3.355,3.515,87306
2020-08-06,3.63,3.8683,3.5173,3.76,29058
2020-08-07,3.75,3.7506,3.5099,3.69,17236
2020-08-10,3.611,3.74,3.5418,3.74,15009
2020-08-11,3.75,3.75,3.63,3.71,8327
2020-08-12,3.61,3.71,3.6,3.618,8636
2020-08-13,3.66,3.66,3.607,3.607,866
2020-08-14,3.57,3.59,3.5,3.545,5164
2020-08-17,3.52,3.52,3.26,3.26,13467
2020-08-18,3.25,3.49,3.2,3.33,11334
2020-08-19,3.3,3.43,3.2737,3.41,9620
2020-08-20,3.39,3.39,3.3001,3.3078,6615
2020-08-21,3.4131,3.4131,3.17,3.2,7283
2020-08-24,3.16,3.29,3.16,3.2,4206
2020-08-25,3.25,3.25,3.1627,3.17,1852
2020-08-26,3.26,3.2619,3.0477,3.14,17739
2020-08-27,3.125,3.1999,3.05,3.1567,33926
2020-08-28,3.06,3.18,2.95,3.07,53362
2020-08-31,3.02,3.06,2.97,3.01,5454
2020-09-01,2.99,3.0,2.92,2.985,20478
2020-09-02,2.92,2.9499,2.768,2.8,28938
2020-09-03,2.73,2.913,2.73,2.74,14610
2020-09-04,2.8261,2.92,2.71,2.74,34239
2020-09-08,3.03,3.03,2.8,2.85,7748
